date_administered,new_doses_administered,new_first_dose_recipients,new_second_dose_recipients,cumulative_doses_administered,cumulative_first_dose_recipients,cumulative_second_dose_recipients,data_as_of,data_updated_at,data_loaded_at
2022/05/01,0,0,0,0,0,0,01/01/2023 06:24:08 AM,01/01/2023 07:30:01 AM,01/01/2023 07:45:04 AM
2022/05/02,0,0,0,0,0,0,01/01/2023 06:24:08 AM,01/01/2023 07:30:01 AM,01/01/2023 07:45:04 AM
2022/05/03,0,0,0,0,0,0,01/01/2023 06:24:08 AM,01/01/2023 07:30:01 AM,01/01/2023 07:45:04 AM
2022/05/04,0,0,0,0,0,0,01/01/2023 06:24:08 AM,01/01/2023 07:30:01 AM,01/01/2023 07:45:04 AM
2022/05/05,1,1,0,1,1,0,01/01/2023 06:24:08 AM,01/01/2023 07:30:01 AM,01/01/2023 07:45:04 AM
2022/05/06,0,0,0,1,1,0,01/01/2023 06:24:08 AM,01/01/2023 07:30:01 AM,01/01/2023 07:45:04 AM
2022/05/07,0,0,0,1,1,0,01/01/2023 06:24:08 AM,01/01/2023 07:30:01 AM,01/01/2023 07:45:04 AM
2022/05/08,0,0,0,1,1,0,01/01/2023 06:24:08 AM,01/01/2023 07:30:01 AM,01/01/2023 07:45:04 AM
2022/05/09,0,0,0,1,1,0,01/01/2023 06:24:08 AM,01/01/2023 07:30:01 AM,01/01/2023 07:45:04 AM
2022/05/10,0,0,0,1,1,0,01/01/2023 06:24:08 AM,01/01/2023 07:30:01 AM,01/01/2023 07:45:04 AM
2022/05/11,0,0,0,1,1,0,01/01/2023 06:24:08 AM,01/01/2023 07:30:01 AM,01/01/2023 07:45:04 AM
2022/05/12,0,0,0,1,1,0,01/01/2023 06:24:08 AM,01/01/2023 07:30:01 AM,01/01/2023 07:45:04 AM
2022/05/13,0,0,0,1,1,0,01/01/2023 06:24:08 AM,01/01/2023 07:30:01 AM,01/01/2023 07:45:04 AM
2022/05/14,0,0,0,1,1,0,01/01/2023 06:24:08 AM,01/01/2023 07:30:01 AM,01/01/2023 07:45:04 AM
2022/05/15,0,0,0,1,1,0,01/01/2023 06:24:08 AM,01/01/2023 07:30:01 AM,01/01/2023 07:45:04 AM
2022/05/16,0,0,0,1,1,0,01/01/2023 06:24:08 AM,01/01/2023 07:30:01 AM,01/01/2023 07:45:04 AM
2022/05/17,0,0,0,1,1,0,01/01/2023 06:24:08 AM,01/01/2023 07:30:01 AM,01/01/2023 07:45:04 AM
2022/05/18,0,0,0,1,1,0,01/01/2023 06:24:08 AM,01/01/2023 07:30:01 AM,01/01/2023 07:45:04 AM
2022/05/19,0,0,0,1,1,0,01/01/2023 06:24:08 AM,01/01/2023 07:30:01 AM,01/01/2023 07:45:04 AM
2022/05/20,0,0,0,1,1,0,01/01/2023 06:24:08 AM,01/01/2023 07:30:01 AM,01/01/2023 07:45:04 AM
2022/05/21,0,0,0,1,1,0,01/01/2023 06:24:08 AM,01/01/2023 07:30:01 AM,01/01/2023 07:45:04 AM
2022/05/22,0,0,0,1,1,0,01/01/2023 06:24:08 AM,01/01/2023 07:30:01 AM,01/01/2023 07:45:04 AM
2022/05/23,0,0,0,1,1,0,01/01/2023 06:24:08 AM,01/01/2023 07:30:01 AM,01/01/2023 07:45:04 AM
2022/05/24,0,0,0,1,1,0,01/01/2023 06:24:08 AM,01/01/2023 07:30:01 AM,01/01/2023 07:45:04 AM
2022/05/25,0,0,0,1,1,0,01/01/2023 06:24:08 AM,01/01/2023 07:30:01 AM,01/01/2023 07:45:04 AM
2022/05/26,0,0,0,1,1,0,01/01/2023 06:24:08 AM,01/01/2023 07:30:01 AM,01/01/2023 07:45:04 AM
2022/05/27,0,0,0,1,1,0,01/01/2023 06:24:08 AM,01/01/2023 07:30:01 AM,01/01/2023 07:45:04 AM
2022/05/28,0,0,0,1,1,0,01/01/2023 06:24:08 AM,01/01/2023 07:30:01 AM,01/01/2023 07:45:04 AM
2022/05/29,0,0,0,1,1,0,01/01/2023 06:24:08 AM,01/01/2023 07:30:01 AM,01/01/2023 07:45:04 AM
2022/05/30,0,0,0,1,1,0,01/01/2023 06:24:08 AM,01/01/2023 07:30:01 AM,01/01/2023 07:45:04 AM
2022/05/31,0,0,0,1,1,0,01/01/2023 06:24:08 AM,01/01/2023 07:30:01 AM,01/01/2023 07:45:04 AM
2022/06/01,0,0,0,1,1,0,01/01/2023 06:24:08 AM,01/01/2023 07:30:01 AM,01/01/2023 07:45:04 AM
2022/06/02,0,0,0,1,1,0,01/01/2023 06:24:08 AM,01/01/2023 07:30:01 AM,01/01/2023 07:45:04 AM
2022/06/03,0,0,0,1,1,0,01/01/2023 06:24:08 AM,01/01/2023 07:30:01 AM,01/01/2023 07:45:04 AM
2022/06/04,0,0,0,1,1,0,01/01/2023 06:24:08 AM,01/01/2023 07:30:01 AM,01/01/2023 07:45:04 AM
2022/06/05,0,0,0,1,1,0,01/01/2023 06:24:08 AM,01/01/2023 07:30:01 AM,01/01/2023 07:45:04 AM
2022/06/06,0,0,0,1,1,0,01/01/2023 06:24:08 AM,01/01/2023 07:30:01 AM,01/01/2023 07:45:04 AM
2022/06/07,0,0,0,1,1,0,01/01/2023 06:24:08 AM,01/01/2023 07:30:01 AM,01/01/2023 07:45:04 AM
2022/06/08,1,1,0,2,2,0,01/01/2023 06:24:08 AM,01/01/2023 07:30:01 AM,01/01/2023 07:45:04 AM
2022/06/09,1,1,0,3,3,0,01/01/2023 06:24:08 AM,01/01/2023 07:30:01 AM,01/01/2023 07:45:04 AM
2022/06/10,1,1,0,4,4,0,01/01/2023 06:24:08 AM,01/01/2023 07:30:01 AM,01/01/2023 07:45:04 AM
2022/06/11,0,0,0,4,4,0,01/01/2023 06:24:08 AM,01/01/2023 07:30:01 AM,01/01/2023 07:45:04 AM
2022/06/12,0,0,0,4,4,0,01/01/2023 06:24:08 AM,01/01/2023 07:30:01 AM,01/01/2023 07:45:04 AM
2022/06/13,0,0,0,4,4,0,01/01/2023 06:24:08 AM,01/01/2023 07:30:01 AM,01/01/2023 07:45:04 AM
2022/06/14,0,0,0,4,4,0,01/01/2023 06:24:08 AM,01/01/2023 07:30:01 AM,01/01/2023 07:45:04 AM
2022/06/15,1,1,0,5,5,0,01/01/2023 06:24:08 AM,01/01/2023 07:30:01 AM,01/01/2023 07:45:04 AM
2022/06/16,2,2,0,7,7,0,01/01/2023 06:24:08 AM,01/01/2023 07:30:01 AM,01/01/2023 07:45:04 AM
2022/06/17,4,4,0,11,11,0,01/01/2023 06:24:08 AM,01/01/2023 07:30:01 AM,01/01/2023 07:45:04 AM
2022/06/18,1,1,0,12,12,0,01/01/2023 06:24:08 AM,01/01/2023 07:30:01 AM,01/01/2023 07:45:04 AM
2022/06/19,2,2,0,14,14,0,01/01/2023 06:24:08 AM,01/01/2023 07:30:01 AM,01/01/2023 07:45:04 AM
2022/06/20,0,0,0,14,14,0,01/01/2023 06:24:08 AM,01/01/2023 07:30:01 AM,01/01/2023 07:45:04 AM
2022/06/21,3,3,0,17,17,0,01/01/2023 06:24:08 AM,01/01/2023 07:30:01 AM,01/01/2023 07:45:04 AM
2022/06/22,2,2,0,19,19,0,01/01/2023 06:24:08 AM,01/01/2023 07:30:01 AM,01/01/2023 07:45:04 AM
2022/06/23,8,8,0,27,27,0,01/01/2023 06:24:08 AM,01/01/2023 07:30:01 AM,01/01/2023 07:45:04 AM
2022/06/24,28,28,0,55,55,0,01/01/2023 06:24:08 AM,01/01/2023 07:30:01 AM,01/01/2023 07:45:04 AM
2022/06/25,3,3,0,58,58,0,01/01/2023 06:24:08 AM,01/01/2023 07:30:01 AM,01/01/2023 07:45:04 AM
2022/06/26,2,2,0,60,60,0,01/01/2023 06:24:08 AM,01/01/2023 07:30:01 AM,01/01/2023 07:45:04 AM
2022/06/27,20,20,0,80,80,0,01/01/2023 06:24:08 AM,01/01/2023 07:30:01 AM,01/01/2023 07:45:04 AM
2022/06/28,26,26,0,106,106,0,01/01/2023 06:24:08 AM,01/01/2023 07:30:01 AM,01/01/2023 07:45:04 AM
2022/06/29,33,33,0,139,139,0,01/01/2023 06:24:08 AM,01/01/2023 07:30:01 AM,01/01/2023 07:45:04 AM
2022/06/30,56,56,0,195,195,0,01/01/2023 06:24:08 AM,01/01/2023 07:30:01 AM,01/01/2023 07:45:04 AM
2022/07/01,61,61,0,256,256,0,01/01/2023 06:24:08 AM,01/01/2023 07:30:01 AM,01/01/2023 07:45:04 AM
2022/07/02,0,0,0,256,256,0,01/01/2023 06:24:08 AM,01/01/2023 07:30:01 AM,01/01/2023 07:45:04 AM
2022/07/03,1,1,0,257,257,0,01/01/2023 06:24:08 AM,01/01/2023 07:30:01 AM,01/01/2023 07:45:04 AM
2022/07/04,1,1,0,258,258,0,01/01/2023 06:24:08 AM,01/01/2023 07:30:01 AM,01/01/2023 07:45:04 AM
2022/07/05,70,70,0,328,328,0,01/01/2023 06:24:08 AM,01/01/2023 07:30:01 AM,01/01/2023 07:45:04 AM
2022/07/06,192,192,0,520,520,0,01/01/2023 06:24:08 AM,01/01/2023 07:30:01 AM,01/01/2023 07:45:04 AM
2022/07/07,199,198,1,719,718,1,01/01/2023 06:24:08 AM,01/01/2023 07:30:01 AM,01/01/2023 07:45:04 AM
2022/07/08,368,367,1,1087,1085,2,01/01/2023 06:24:08 AM,01/01/2023 07:30:01 AM,01/01/2023 07:45:04 AM
2022/07/09,25,25,0,1112,1110,2,01/01/2023 06:24:08 AM,01/01/2023 07:30:01 AM,01/01/2023 07:45:04 AM
2022/07/10,0,0,0,1112,1110,2,01/01/2023 06:24:08 AM,01/01/2023 07:30:01 AM,01/01/2023 07:45:04 AM
2022/07/11,435,435,0,1547,1545,2,01/01/2023 06:24:08 AM,01/01/2023 07:30:01 AM,01/01/2023 07:45:04 AM
2022/07/12,362,362,0,1909,1907,2,01/01/2023 06:24:08 AM,01/01/2023 07:30:01 AM,01/01/2023 07:45:04 AM
2022/07/13,388,388,0,2297,2295,2,01/01/2023 06:24:08 AM,01/01/2023 07:30:01 AM,01/01/2023 07:45:04 AM
2022/07/14,184,183,1,2481,2478,3,01/01/2023 06:24:08 AM,01/01/2023 07:30:01 AM,01/01/2023 07:45:04 AM
2022/07/15,102,102,0,2583,2580,3,01/01/2023 06:24:08 AM,01/01/2023 07:30:01 AM,01/01/2023 07:45:04 AM
2022/07/16,18,18,0,2601,2598,3,01/01/2023 06:24:08 AM,01/01/2023 07:30:01 AM,01/01/2023 07:45:04 AM
2022/07/17,358,358,0,2959,2956,3,01/01/2023 06:24:08 AM,01/01/2023 07:30:01 AM,01/01/2023 07:45:04 AM
2022/07/18,19,19,0,2978,2975,3,01/01/2023 06:24:08 AM,01/01/2023 07:30:01 AM,01/01/2023 07:45:04 AM
2022/07/19,45,45,0,3023,3020,3,01/01/2023 06:24:08 AM,01/01/2023 07:30:01 AM,01/01/2023 07:45:04 AM
2022/07/20,561,561,0,3584,3581,3,01/01/2023 06:24:08 AM,01/01/2023 07:30:01 AM,01/01/2023 07:45:04 AM
2022/07/21,633,632,1,4217,4213,4,01/01/2023 06:24:08 AM,01/01/2023 07:30:01 AM,01/01/2023 07:45:04 AM
2022/07/22,653,652,1,4870,4865,5,01/01/2023 06:24:08 AM,01/01/2023 07:30:01 AM,01/01/2023 07:45:04 AM
2022/07/23,713,711,2,5583,5576,7,01/01/2023 06:24:08 AM,01/01/2023 07:30:01 AM,01/01/2023 07:45:04 AM
2022/07/24,53,53,0,5636,5629,7,01/01/2023 06:24:08 AM,01/01/2023 07:30:01 AM,01/01/2023 07:45:04 AM
2022/07/25,522,520,2,6158,6149,9,01/01/2023 06:24:08 AM,01/01/2023 07:30:01 AM,01/01/2023 07:45:04 AM
2022/07/26,101,97,4,6259,6246,13,01/01/2023 06:24:08 AM,01/01/2023 07:30:01 AM,01/01/2023 07:45:04 AM
2022/07/27,207,203,4,6466,6449,17,01/01/2023 06:24:08 AM,01/01/2023 07:30:01 AM,01/01/2023 07:45:04 AM
2022/07/28,130,127,3,6596,6576,20,01/01/2023 06:24:08 AM,01/01/2023 07:30:01 AM,01/01/2023 07:45:04 AM
2022/07/29,126,124,2,6722,6700,22,01/01/2023 06:24:08 AM,01/01/2023 07:30:01 AM,01/01/2023 07:45:04 AM
2022/07/30,284,282,2,7006,6982,24,01/01/2023 06:24:08 AM,01/01/2023 07:30:01 AM,01/01/2023 07:45:04 AM
2022/07/31,1,1,0,7007,6983,24,01/01/2023 06:24:08 AM,01/01/2023 07:30:01 AM,01/01/2023 07:45:04 AM
2022/08/01,1104,1103,1,8111,8086,25,01/01/2023 06:24:08 AM,01/01/2023 07:30:01 AM,01/01/2023 07:45:04 AM
2022/08/02,900,893,7,9011,8979,32,01/01/2023 06:24:08 AM,01/01/2023 07:30:01 AM,01/01/2023 07:45:04 AM
2022/08/03,586,576,10,9597,9555,42,01/01/2023 06:24:08 AM,01/01/2023 07:30:01 AM,01/01/2023 07:45:04 AM
2022/08/04,179,178,1,9776,9733,43,01/01/2023 06:24:08 AM,01/01/2023 07:30:01 AM,01/01/2023 07:45:04 AM
2022/08/05,211,206,5,9987,9939,48,01/01/2023 06:24:08 AM,01/01/2023 07:30:01 AM,01/01/2023 07:45:04 AM
2022/08/06,375,365,10,10362,10304,58,01/01/2023 06:24:08 AM,01/01/2023 07:30:01 AM,01/01/2023 07:45:04 AM
2022/08/07,9,8,1,10371,10312,59,01/01/2023 06:24:08 AM,01/01/2023 07:30:01 AM,01/01/2023 07:45:04 AM
2022/08/08,143,137,6,10514,10449,65,01/01/2023 06:24:08 AM,01/01/2023 07:30:01 AM,01/01/2023 07:45:04 AM
2022/08/09,845,837,8,11359,11286,73,01/01/2023 06:24:08 AM,01/01/2023 07:30:01 AM,01/01/2023 07:45:04 AM
2022/08/10,767,750,17,12126,12036,90,01/01/2023 06:24:08 AM,01/01/2023 07:30:01 AM,01/01/2023 07:45:04 AM
2022/08/11,850,835,15,12976,12871,105,01/01/2023 06:24:08 AM,01/01/2023 07:30:01 AM,01/01/2023 07:45:04 AM
2022/08/12,607,589,18,13583,13460,123,01/01/2023 06:24:08 AM,01/01/2023 07:30:01 AM,01/01/2023 07:45:04 AM
2022/08/13,1784,1740,44,15367,15200,167,01/01/2023 06:24:08 AM,01/01/2023 07:30:01 AM,01/01/2023 07:45:04 AM
2022/08/14,1,1,0,15368,15201,167,01/01/2023 06:24:08 AM,01/01/2023 07:30:01 AM,01/01/2023 07:45:04 AM
2022/08/15,431,419,12,15799,15620,179,01/01/2023 06:24:08 AM,01/01/2023 07:30:01 AM,01/01/2023 07:45:04 AM
2022/08/16,559,544,15,16358,16164,194,01/01/2023 06:24:08 AM,01/01/2023 07:30:01 AM,01/01/2023 07:45:04 AM
2022/08/17,635,600,35,16993,16764,229,01/01/2023 06:24:08 AM,01/01/2023 07:30:01 AM,01/01/2023 07:45:04 AM
2022/08/18,515,488,27,17508,17252,256,01/01/2023 06:24:08 AM,01/01/2023 07:30:01 AM,01/01/2023 07:45:04 AM
2022/08/19,396,356,40,17904,17608,296,01/01/2023 06:24:08 AM,01/01/2023 07:30:01 AM,01/01/2023 07:45:04 AM
2022/08/20,75,52,23,17979,17660,319,01/01/2023 06:24:08 AM,01/01/2023 07:30:01 AM,01/01/2023 07:45:04 AM
2022/08/21,30,26,4,18009,17686,323,01/01/2023 06:24:08 AM,01/01/2023 07:30:01 AM,01/01/2023 07:45:04 AM
2022/08/22,417,389,28,18426,18075,351,01/01/2023 06:24:08 AM,01/01/2023 07:30:01 AM,01/01/2023 07:45:04 AM
2022/08/23,315,290,25,18741,18365,376,01/01/2023 06:24:08 AM,01/01/2023 07:30:01 AM,01/01/2023 07:45:04 AM
2022/08/24,318,270,48,19059,18635,424,01/01/2023 06:24:08 AM,01/01/2023 07:30:01 AM,01/01/2023 07:45:04 AM
2022/08/25,474,421,53,19533,19056,477,01/01/2023 06:24:08 AM,01/01/2023 07:30:01 AM,01/01/2023 07:45:04 AM
2022/08/26,523,451,72,20056,19507,549,01/01/2023 06:24:08 AM,01/01/2023 07:30:01 AM,01/01/2023 07:45:04 AM
2022/08/27,298,268,30,20354,19775,579,01/01/2023 06:24:08 AM,01/01/2023 07:30:01 AM,01/01/2023 07:45:04 AM
2022/08/28,326,150,176,20680,19925,755,01/01/2023 06:24:08 AM,01/01/2023 07:30:01 AM,01/01/2023 07:45:04 AM
2022/08/29,317,243,74,20997,20168,829,01/01/2023 06:24:08 AM,01/01/2023 07:30:01 AM,01/01/2023 07:45:04 AM
2022/08/30,389,287,102,21386,20455,931,01/01/2023 06:24:08 AM,01/01/2023 07:30:01 AM,01/01/2023 07:45:04 AM
2022/08/31,439,271,168,21825,20726,1099,01/01/2023 06:24:08 AM,01/01/2023 07:30:01 AM,01/01/2023 07:45:04 AM
2022/09/01,472,314,158,22297,21040,1257,01/01/2023 06:24:08 AM,01/01/2023 07:30:01 AM,01/01/2023 07:45:04 AM
2022/09/02,568,272,296,22865,21312,1553,01/01/2023 06:24:08 AM,01/01/2023 07:30:01 AM,01/01/2023 07:45:04 AM
2022/09/03,286,172,114,23151,21484,1667,01/01/2023 06:24:08 AM,01/01/2023 07:30:01 AM,01/01/2023 07:45:04 AM
2022/09/04,159,88,71,23310,21572,1738,01/01/2023 06:24:08 AM,01/01/2023 07:30:01 AM,01/01/2023 07:45:04 AM
2022/09/05,25,20,5,23335,21592,1743,01/01/2023 06:24:08 AM,01/01/2023 07:30:01 AM,01/01/2023 07:45:04 AM
2022/09/06,798,192,606,24133,21784,2349,01/01/2023 06:24:08 AM,01/01/2023 07:30:01 AM,01/01/2023 07:45:04 AM
2022/09/07,834,246,588,24967,22030,2937,01/01/2023 06:24:08 AM,01/01/2023 07:30:01 AM,01/01/2023 07:45:04 AM
2022/09/08,755,230,525,25722,22260,3462,01/01/2023 06:24:08 AM,01/01/2023 07:30:01 AM,01/01/2023 07:45:04 AM
2022/09/09,728,193,535,26450,22453,3997,01/01/2023 06:24:08 AM,01/01/2023 07:30:01 AM,01/01/2023 07:45:04 AM
2022/09/10,1389,381,1008,27839,22834,5005,01/01/2023 06:24:08 AM,01/01/2023 07:30:01 AM,01/01/2023 07:45:04 AM
2022/09/11,225,108,117,28064,22942,5122,01/01/2023 06:24:08 AM,01/01/2023 07:30:01 AM,01/01/2023 07:45:04 AM
2022/09/12,438,129,309,28502,23071,5431,01/01/2023 06:24:08 AM,01/01/2023 07:30:01 AM,01/01/2023 07:45:04 AM
2022/09/13,559,158,401,29061,23229,5832,01/01/2023 06:24:08 AM,01/01/2023 07:30:01 AM,01/01/2023 07:45:04 AM
2022/09/14,575,169,406,29636,23398,6238,01/01/2023 06:24:08 AM,01/01/2023 07:30:01 AM,01/01/2023 07:45:04 AM
2022/09/15,572,202,370,30208,23600,6608,01/01/2023 06:24:08 AM,01/01/2023 07:30:01 AM,01/01/2023 07:45:04 AM
2022/09/16,554,165,389,30762,23765,6997,01/01/2023 06:24:08 AM,01/01/2023 07:30:01 AM,01/01/2023 07:45:04 AM
2022/09/17,286,146,140,31048,23911,7137,01/01/2023 06:24:08 AM,01/01/2023 07:30:01 AM,01/01/2023 07:45:04 AM
2022/09/18,249,86,163,31297,23997,7300,01/01/2023 06:24:08 AM,01/01/2023 07:30:01 AM,01/01/2023 07:45:04 AM
2022/09/19,350,121,229,31647,24118,7529,01/01/2023 06:24:08 AM,01/01/2023 07:30:01 AM,01/01/2023 07:45:04 AM
2022/09/20,415,146,269,32062,24264,7798,01/01/2023 06:24:08 AM,01/01/2023 07:30:01 AM,01/01/2023 07:45:04 AM
2022/09/21,542,220,322,32604,24484,8120,01/01/2023 06:24:08 AM,01/01/2023 07:30:01 AM,01/01/2023 07:45:04 AM
2022/09/22,437,159,278,33041,24643,8398,01/01/2023 06:24:08 AM,01/01/2023 07:30:01 AM,01/01/2023 07:45:04 AM
2022/09/23,389,139,250,33430,24782,8648,01/01/2023 06:24:08 AM,01/01/2023 07:30:01 AM,01/01/2023 07:45:04 AM
2022/09/24,108,69,39,33538,24851,8687,01/01/2023 06:24:08 AM,01/01/2023 07:30:01 AM,01/01/2023 07:45:04 AM
2022/09/25,570,341,229,34108,25192,8916,01/01/2023 06:24:08 AM,01/01/2023 07:30:01 AM,01/01/2023 07:45:04 AM
2022/09/26,276,82,194,34384,25274,9110,01/01/2023 06:24:08 AM,01/01/2023 07:30:01 AM,01/01/2023 07:45:04 AM
2022/09/27,225,59,166,34609,25333,9276,01/01/2023 06:24:08 AM,01/01/2023 07:30:01 AM,01/01/2023 07:45:04 AM
2022/09/28,387,112,275,34996,25445,9551,01/01/2023 06:24:08 AM,01/01/2023 07:30:01 AM,01/01/2023 07:45:04 AM
2022/09/29,289,99,190,35285,25544,9741,01/01/2023 06:24:08 AM,01/01/2023 07:30:01 AM,01/01/2023 07:45:04 AM
2022/09/30,346,96,250,35631,25640,9991,01/01/2023 06:24:08 AM,01/01/2023 07:30:01 AM,01/01/2023 07:45:04 AM
2022/10/01,144,62,82,35775,25702,10073,01/01/2023 06:24:08 AM,01/01/2023 07:30:01 AM,01/01/2023 07:45:04 AM
2022/10/02,473,242,231,36248,25944,10304,01/01/2023 06:24:08 AM,01/01/2023 07:30:01 AM,01/01/2023 07:45:04 AM
2022/10/03,147,57,90,36395,26001,10394,01/01/2023 06:24:08 AM,01/01/2023 07:30:01 AM,01/01/2023 07:45:04 AM
2022/10/04,199,71,128,36594,26072,10522,01/01/2023 06:24:08 AM,01/01/2023 07:30:01 AM,01/01/2023 07:45:04 AM
2022/10/05,303,78,225,36897,26150,10747,01/01/2023 06:24:08 AM,01/01/2023 07:30:01 AM,01/01/2023 07:45:04 AM
2022/10/06,321,111,210,37218,26261,10957,01/01/2023 06:24:08 AM,01/01/2023 07:30:01 AM,01/01/2023 07:45:04 AM
2022/10/07,335,103,232,37553,26364,11189,01/01/2023 06:24:08 AM,01/01/2023 07:30:01 AM,01/01/2023 07:45:04 AM
2022/10/08,136,62,74,37689,26426,11263,01/01/2023 06:24:08 AM,01/01/2023 07:30:01 AM,01/01/2023 07:45:04 AM
2022/10/09,63,41,22,37752,26467,11285,01/01/2023 06:24:08 AM,01/01/2023 07:30:01 AM,01/01/2023 07:45:04 AM
2022/10/10,205,62,143,37957,26529,11428,01/01/2023 06:24:08 AM,01/01/2023 07:30:01 AM,01/01/2023 07:45:04 AM
2022/10/11,227,90,137,38184,26619,11565,01/01/2023 06:24:08 AM,01/01/2023 07:30:01 AM,01/01/2023 07:45:04 AM
2022/10/12,207,93,114,38391,26712,11679,01/01/2023 06:24:08 AM,01/01/2023 07:30:01 AM,01/01/2023 07:45:04 AM
2022/10/13,210,104,106,38601,26816,11785,01/01/2023 06:24:08 AM,01/01/2023 07:30:01 AM,01/01/2023 07:45:04 AM
2022/10/14,242,87,155,38843,26903,11940,01/01/2023 06:24:08 AM,01/01/2023 07:30:01 AM,01/01/2023 07:45:04 AM
2022/10/15,126,47,79,38969,26950,12019,01/01/2023 06:24:08 AM,01/01/2023 07:30:01 AM,01/01/2023 07:45:04 AM
2022/10/16,23,11,12,38992,26961,12031,01/01/2023 06:24:08 AM,01/01/2023 07:30:01 AM,01/01/2023 07:45:04 AM
2022/10/17,146,38,108,39138,26999,12139,01/01/2023 06:24:08 AM,01/01/2023 07:30:01 AM,01/01/2023 07:45:04 AM
2022/10/18,210,55,155,39348,27054,12294,01/01/2023 06:24:08 AM,01/01/2023 07:30:01 AM,01/01/2023 07:45:04 AM
2022/10/19,248,91,157,39596,27145,12451,01/01/2023 06:24:08 AM,01/01/2023 07:30:01 AM,01/01/2023 07:45:04 AM
2022/10/20,153,42,111,39749,27187,12562,01/01/2023 06:24:08 AM,01/01/2023 07:30:01 AM,01/01/2023 07:45:04 AM
2022/10/21,224,59,165,39973,27246,12727,01/01/2023 06:24:08 AM,01/01/2023 07:30:01 AM,01/01/2023 07:45:04 AM
2022/10/22,108,43,65,40081,27289,12792,01/01/2023 06:24:08 AM,01/01/2023 07:30:01 AM,01/01/2023 07:45:04 AM
2022/10/23,7,1,6,40088,27290,12798,01/01/2023 06:24:08 AM,01/01/2023 07:30:01 AM,01/01/2023 07:45:04 AM
2022/10/24,147,43,104,40235,27333,12902,01/01/2023 06:24:08 AM,01/01/2023 07:30:01 AM,01/01/2023 07:45:04 AM
2022/10/25,136,37,99,40371,27370,13001,01/01/2023 06:24:08 AM,01/01/2023 07:30:01 AM,01/01/2023 07:45:04 AM
2022/10/26,163,41,122,40534,27411,13123,01/01/2023 06:24:08 AM,01/01/2023 07:30:01 AM,01/01/2023 07:45:04 AM
2022/10/27,176,71,105,40710,27482,13228,01/01/2023 06:24:08 AM,01/01/2023 07:30:01 AM,01/01/2023 07:45:04 AM
2022/10/28,210,54,156,40920,27536,13384,01/01/2023 06:24:08 AM,01/01/2023 07:30:01 AM,01/01/2023 07:45:04 AM
2022/10/29,86,43,43,41006,27579,13427,01/01/2023 06:24:08 AM,01/01/2023 07:30:01 AM,01/01/2023 07:45:04 AM
2022/10/30,7,2,5,41013,27581,13432,01/01/2023 06:24:08 AM,01/01/2023 07:30:01 AM,01/01/2023 07:45:04 AM
2022/10/31,76,18,58,41089,27599,13490,01/01/2023 06:24:08 AM,01/01/2023 07:30:01 AM,01/01/2023 07:45:04 AM
2022/11/01,81,27,54,41170,27626,13544,01/01/2023 06:24:08 AM,01/01/2023 07:30:01 AM,01/01/2023 07:45:04 AM
2022/11/02,113,28,85,41283,27654,13629,01/01/2023 06:24:08 AM,01/01/2023 07:30:01 AM,01/01/2023 07:45:04 AM
2022/11/03,174,59,115,41457,27713,13744,01/01/2023 06:24:08 AM,01/01/2023 07:30:01 AM,01/01/2023 07:45:04 AM
2022/11/04,148,49,99,41605,27762,13843,01/01/2023 06:24:08 AM,01/01/2023 07:30:01 AM,01/01/2023 07:45:04 AM
2022/11/05,74,37,37,41679,27799,13880,01/01/2023 06:24:08 AM,01/01/2023 07:30:01 AM,01/01/2023 07:45:04 AM
2022/11/06,12,4,8,41691,27803,13888,01/01/2023 06:24:08 AM,01/01/2023 07:30:01 AM,01/01/2023 07:45:04 AM
2022/11/07,104,30,74,41795,27833,13962,01/01/2023 06:24:08 AM,01/01/2023 07:30:01 AM,01/01/2023 07:45:04 AM
2022/11/08,100,28,72,41895,27861,14034,01/01/2023 06:24:08 AM,01/01/2023 07:30:01 AM,01/01/2023 07:45:04 AM
2022/11/09,103,37,66,41998,27898,14100,01/01/2023 06:24:08 AM,01/01/2023 07:30:01 AM,01/01/2023 07:45:04 AM
2022/11/10,100,46,54,42098,27944,14154,01/01/2023 06:24:08 AM,01/01/2023 07:30:01 AM,01/01/2023 07:45:04 AM
2022/11/11,93,29,64,42191,27973,14218,01/01/2023 06:24:08 AM,01/01/2023 07:30:01 AM,01/01/2023 07:45:04 AM
2022/11/12,64,30,34,42255,28003,14252,01/01/2023 06:24:08 AM,01/01/2023 07:30:01 AM,01/01/2023 07:45:04 AM
2022/11/13,2,1,1,42257,28004,14253,01/01/2023 06:24:08 AM,01/01/2023 07:30:01 AM,01/01/2023 07:45:04 AM
2022/11/14,67,18,49,42324,28022,14302,01/01/2023 06:24:08 AM,01/01/2023 07:30:01 AM,01/01/2023 07:45:04 AM
2022/11/15,98,24,74,42422,28046,14376,01/01/2023 06:24:08 AM,01/01/2023 07:30:01 AM,01/01/2023 07:45:04 AM
2022/11/16,105,32,73,42527,28078,14449,01/01/2023 06:24:08 AM,01/01/2023 07:30:01 AM,01/01/2023 07:45:04 AM
2022/11/17,95,41,54,42622,28119,14503,01/01/2023 06:24:08 AM,01/01/2023 07:30:01 AM,01/01/2023 07:45:04 AM
2022/11/18,102,30,72,42724,28149,14575,01/01/2023 06:24:08 AM,01/01/2023 07:30:01 AM,01/01/2023 07:45:04 AM
2022/11/19,67,30,37,42791,28179,14612,01/01/2023 06:24:08 AM,01/01/2023 07:30:01 AM,01/01/2023 07:45:04 AM
2022/11/20,5,2,3,42796,28181,14615,01/01/2023 06:24:08 AM,01/01/2023 07:30:01 AM,01/01/2023 07:45:04 AM
2022/11/21,69,23,46,42865,28204,14661,01/01/2023 06:24:08 AM,01/01/2023 07:30:01 AM,01/01/2023 07:45:04 AM
2022/11/22,87,42,45,42952,28246,14706,01/01/2023 06:24:08 AM,01/01/2023 07:30:01 AM,01/01/2023 07:45:04 AM
2022/11/23,50,17,33,43002,28263,14739,01/01/2023 06:24:08 AM,01/01/2023 07:30:01 AM,01/01/2023 07:45:04 AM
2022/11/24,31,23,8,43033,28286,14747,01/01/2023 06:24:08 AM,01/01/2023 07:30:01 AM,01/01/2023 07:45:04 AM
2022/11/25,10,5,5,43043,28291,14752,01/01/2023 06:24:08 AM,01/01/2023 07:30:01 AM,01/01/2023 07:45:04 AM
2022/11/26,38,24,14,43081,28315,14766,01/01/2023 06:24:08 AM,01/01/2023 07:30:01 AM,01/01/2023 07:45:04 AM
2022/11/27,0,0,0,43081,28315,14766,01/01/2023 06:24:08 AM,01/01/2023 07:30:01 AM,01/01/2023 07:45:04 AM
2022/11/28,93,37,56,43174,28352,14822,01/01/2023 06:24:08 AM,01/01/2023 07:30:01 AM,01/01/2023 07:45:04 AM
2022/11/29,77,24,53,43251,28376,14875,01/01/2023 06:24:08 AM,01/01/2023 07:30:01 AM,01/01/2023 07:45:04 AM
2022/11/30,84,30,54,43335,28406,14929,01/01/2023 06:24:08 AM,01/01/2023 07:30:01 AM,01/01/2023 07:45:04 AM
2022/12/01,127,63,64,43462,28469,14993,01/01/2023 06:24:08 AM,01/01/2023 07:30:01 AM,01/01/2023 07:45:04 AM
2022/12/02,80,25,55,43542,28494,15048,01/01/2023 06:24:08 AM,01/01/2023 07:30:01 AM,01/01/2023 07:45:04 AM
2022/12/03,46,26,20,43588,28520,15068,01/01/2023 06:24:08 AM,01/01/2023 07:30:01 AM,01/01/2023 07:45:04 AM
2022/12/04,0,0,0,43588,28520,15068,01/01/2023 06:24:08 AM,01/01/2023 07:30:01 AM,01/01/2023 07:45:04 AM
2022/12/05,52,14,38,43640,28534,15106,01/01/2023 06:24:08 AM,01/01/2023 07:30:01 AM,01/01/2023 07:45:04 AM
2022/12/06,60,16,44,43700,28550,15150,01/01/2023 06:24:08 AM,01/01/2023 07:30:01 AM,01/01/2023 07:45:04 AM
2022/12/07,55,21,34,43755,28571,15184,01/01/2023 06:24:08 AM,01/01/2023 07:30:01 AM,01/01/2023 07:45:04 AM
2022/12/08,99,49,50,43854,28620,15234,01/01/2023 06:24:08 AM,01/01/2023 07:30:01 AM,01/01/2023 07:45:04 AM
2022/12/09,81,19,62,43935,28639,15296,01/01/2023 06:24:08 AM,01/01/2023 07:30:01 AM,01/01/2023 07:45:04 AM
2022/12/10,21,9,12,43956,28648,15308,01/01/2023 06:24:08 AM,01/01/2023 07:30:01 AM,01/01/2023 07:45:04 AM
2022/12/11,2,0,2,43958,28648,15310,01/01/2023 06:24:08 AM,01/01/2023 07:30:01 AM,01/01/2023 07:45:04 AM
2022/12/12,55,17,38,44013,28665,15348,01/01/2023 06:24:08 AM,01/01/2023 07:30:01 AM,01/01/2023 07:45:04 AM
2022/12/13,30,7,23,44043,28672,15371,01/01/2023 06:24:08 AM,01/01/2023 07:30:01 AM,01/01/2023 07:45:04 AM
2022/12/14,53,20,33,44096,28692,15404,01/01/2023 06:24:08 AM,01/01/2023 07:30:01 AM,01/01/2023 07:45:04 AM
2022/12/15,97,45,52,44193,28737,15456,01/01/2023 06:24:08 AM,01/01/2023 07:30:01 AM,01/01/2023 07:45:04 AM
2022/12/16,65,19,46,44258,28756,15502,01/01/2023 06:24:08 AM,01/01/2023 07:30:01 AM,01/01/2023 07:45:04 AM
2022/12/17,38,13,25,44296,28769,15527,01/01/2023 06:24:08 AM,01/01/2023 07:30:01 AM,01/01/2023 07:45:04 AM
2022/12/18,2,1,1,44298,28770,15528,01/01/2023 06:24:08 AM,01/01/2023 07:30:01 AM,01/01/2023 07:45:04 AM
2022/12/19,49,14,35,44347,28784,15563,01/01/2023 06:24:08 AM,01/01/2023 07:30:01 AM,01/01/2023 07:45:04 AM
2022/12/20,51,14,37,44398,28798,15600,01/01/2023 06:24:08 AM,01/01/2023 07:30:01 AM,01/01/2023 07:45:04 AM
2022/12/21,61,5,56,44459,28803,15656,01/01/2023 06:24:08 AM,01/01/2023 07:30:01 AM,01/01/2023 07:45:04 AM
2022/12/22,66,30,36,44525,28833,15692,01/01/2023 06:24:08 AM,01/01/2023 07:30:01 AM,01/01/2023 07:45:04 AM
2022/12/23,20,3,17,44545,28836,15709,01/01/2023 06:24:08 AM,01/01/2023 07:30:01 AM,01/01/2023 07:45:04 AM
2022/12/24,0,0,0,44545,28836,15709,01/01/2023 06:24:08 AM,01/01/2023 07:30:01 AM,01/01/2023 07:45:04 AM
2022/12/25,0,0,0,44545,28836,15709,01/01/2023 06:24:08 AM,01/01/2023 07:30:01 AM,01/01/2023 07:45:04 AM
2022/12/26,2,0,2,44547,28836,15711,01/01/2023 06:24:08 AM,01/01/2023 07:30:01 AM,01/01/2023 07:45:04 AM
2022/12/27,33,12,21,44580,28848,15732,01/01/2023 06:24:08 AM,01/01/2023 07:30:01 AM,01/01/2023 07:45:04 AM
2022/12/28,24,8,16,44604,28856,15748,01/01/2023 06:24:08 AM,01/01/2023 07:30:01 AM,01/01/2023 07:45:04 AM
2022/12/29,37,15,22,44641,28871,15770,01/01/2023 06:24:08 AM,01/01/2023 07:30:01 AM,01/01/2023 07:45:04 AM
2022/12/30,29,3,26,44670,28874,15796,01/01/2023 06:24:08 AM,01/01/2023 07:30:01 AM,01/01/2023 07:45:04 AM
2022/12/31,1,0,1,44671,28874,15797,01/01/2023 06:24:08 AM,01/01/2023 07:30:01 AM,01/01/2023 07:45:04 AM
